id,title,author,included_excluded,resource_type,resource_format,original_url,clean_url,final_url,kind,raw_path,text_path,status,text_len,error
1,"Hosting Accessible Online Events, Meetings and Webinars",Autistica,Included,Webpage,Webpage,https://www.autistica.org.uk/what-is-autism/coronavirus/accessible-online-events,https://www.autistica.org.uk/what-is-autism/coronavirus/accessible-online-events,https://www.autistica.org.uk/what-is-autism/lifeskills-for-managing-your-autism/accessible-online-events,html,data/raw/downloads/1_Hosting_Accessible_Online_Events_Meetings_and_Webinars.html,data/processed/text/1_Hosting_Accessible_Online_Events_Meetings_and_Webinars.txt,OK,6843,
5,"All Welcome Guide to Inclusive, Accessible and Sustainable Events",British Academy of Management,Included,PDF,Document,https://www.bam.ac.uk/knowledge-hub/inclusive-accessible-and-sustainable-events.html,https://www.bam.ac.uk/knowledge-hub/inclusive-accessible-and-sustainable-events.html,https://www.bam.ac.uk/knowledge-hub/inclusive-accessible-and-sustainable-events.html,html,data/raw/downloads/5_All_Welcome_Guide_to_Inclusive_Accessible_and_Sustainable_Events.html,data/processed/text/5_All_Welcome_Guide_to_Inclusive_Accessible_and_Sustainable_Events.txt,OK,2664,
7,"We Are the Ones That We Seek: Equality, Diversity and Inclusion In CREDS",Sarah Higginson,Included,Webpage,Webpage,https://www.creds.ac.uk/publications/we-are-the-ones-that-we-seek-equality-diversity-and-inclusion-in-creds/,https://www.creds.ac.uk/publications/we-are-the-ones-that-we-seek-equality-diversity-and-inclusion-in-creds/,https://www.creds.ac.uk/publications/we-are-the-ones-that-we-seek-equality-diversity-and-inclusion-in-creds/,html,data/raw/downloads/7_We_Are_the_Ones_That_We_Seek_Equality_Diversity_and_Inclusion_In_CREDS.html,data/processed/text/7_We_Are_the_Ones_That_We_Seek_Equality_Diversity_and_Inclusion_In_CREDS.txt,OK,6362,
8,Diverse Panel Pledge,CGIAR,Included,Webpage,Webpage,https://www.cgiar.org/how-we-work/accountability/gdi-panel-pledge/,https://www.cgiar.org/how-we-work/accountability/gdi-panel-pledge/,,,,,FAILED,0,404 Client Error: Not Found for url: https://www.cgiar.org/how-we-work/accountability/gdi-panel-pledge/
9,Inclusive Language: Words To Use and Avoid When Writing About Disability,"Disability Unit, GOV.UK",Included,Webpage,Webpage,https://www.gov.uk/government/publications/inclusive-communication/inclusive-language-words-to-use-and-avoid-when-writing-about-disability,https://www.gov.uk/government/publications/inclusive-communication/inclusive-language-words-to-use-and-avoid-when-writing-about-disability,https://www.gov.uk/government/publications/inclusive-communication/inclusive-language-words-to-use-and-avoid-when-writing-about-disability,html,data/raw/downloads/9_Inclusive_Language_Words_To_Use_and_Avoid_When_Writing_About_Disability.html,data/processed/text/9_Inclusive_Language_Words_To_Use_and_Avoid_When_Writing_About_Disability.txt,OK,3336,
11,"The Equality Act 2010: Positive Action Through Bursaries, Scholarships and Prizes",Equality Change Unit,Included,Policy Document,Document,https://s3.eu-west-2.amazonaws.com/assets.creode.advancehe-document-manager/documents/ecu/positive-action-through-bursaries-scholarships-and-prizes_1578925829.pdf,https://s3.eu-west-2.amazonaws.com/assets.creode.advancehe-document-manager/documents/ecu/positive-action-through-bursaries-scholarships-and-prizes_1578925829.pdf,https://s3.eu-west-2.amazonaws.com/assets.creode.advancehe-document-manager/documents/ecu/positive-action-through-bursaries-scholarships-and-prizes_1578925829.pdf,pdf,data/raw/downloads/11_The_Equality_Act_2010_Positive_Action_Through_Bursaries_Scholarships_and_Prizes.pdf,data/processed/text/11_The_Equality_Act_2010_Positive_Action_Through_Bursaries_Scholarships_and_Prizes.txt,OK,22293,
13,The Broken Pipeline Report: Barriers to Black PhD Students Accessing Research Council Funding,"Paulette Williams, Sukhi Bath, Dr. Jason Arday and Chantelle Lewis",Included,Report,Document,https://www.leadingroutes.org/the-broken-pipeline-report/,https://www.leadingroutes.org/the-broken-pipeline-report/,https://www.leadingroutes.org/the-broken-pipeline-report/,html,data/raw/downloads/13_The_Broken_Pipeline_Report_Barriers_to_Black_PhD_Students_Accessing_Research_Council_Funding.html,data/processed/text/13_The_Broken_Pipeline_Report_Barriers_to_Black_PhD_Students_Accessing_Research_Council_Funding.txt,OK,1916,
15,LMS Advice on Diversity of Speakers at Conferences and Seminars,Women and Diversity in Mathematics,Included,Webpage,Webpage,https://www.lms.ac.uk/women/speaker-diversity-conferences-seminars,https://www.lms.ac.uk/women/speaker-diversity-conferences-seminars,https://www.lms.ac.uk/women/speaker-diversity-conferences-seminars,html,data/raw/downloads/15_LMS_Advice_on_Diversity_of_Speakers_at_Conferences_and_Seminars.html,data/processed/text/15_LMS_Advice_on_Diversity_of_Speakers_at_Conferences_and_Seminars.txt,OK,3925,
17,Reports And Policy Submissions,London Mathematical Society†,Included,Webpage,Webpage,https://www.lms.ac.uk/policy/reports-and-policy-submissions†,https://www.lms.ac.uk/policy/reports-and-policy-submissions%E2%80%A0,,,,,FAILED,0,404 Client Error: Not Found for url: https://www.lms.ac.uk/policy/reports-and-policy-submissions%E2%80%A0
18,"Diversity Statements, Policy, Advice",London Mathematical Society†,Included,Webpage,Webpage,https://www.lms.ac.uk/women/diversity-statements-policy-advice†,https://www.lms.ac.uk/women/diversity-statements-policy-advice%E2%80%A0,,,,,FAILED,0,404 Client Error: Not Found for url: https://www.lms.ac.uk/women/diversity-statements-policy-advice%E2%80%A0
19,Inclusivity In Materials Science,Nature Reviews Materials,Included,Webpage,Webpage,https://www.nature.com/collections/jdgjdceijd,https://www.nature.com/collections/jdgjdceijd,https://www.nature.com/collections/jdgjdceijd,html,data/raw/downloads/19_Inclusivity_In_Materials_Science.html,data/processed/text/19_Inclusivity_In_Materials_Science.txt,OK_BUT_SHORT,458,Extracted text length=458 (<800)
20,Northern Power Inclusion Matters Project,Northern Power Inclusion Matters,Included,Webpage,Webpage,https://northernpowerinclusion.org/,https://northernpowerinclusion.org/,https://northernpowerinclusion.org/,html,data/raw/downloads/20_Northern_Power_Inclusion_Matters_Project.html,data/processed/text/20_Northern_Power_Inclusion_Matters_Project.txt,OK,1321,
21,Phy Soc Podcast Episode - Prof. Kate Sang,Prof. Kate Sang,Included,Podcast,Podcast,https://www.st-andrews.ac.uk/~physoc1/insight/episode.php?s=academics&ep=41,https://www.st-andrews.ac.uk/~physoc1/insight/episode.php?s=academics&ep=41,https://www.st-andrews.ac.uk/~physoc1/insight/episode.php?s=academics&ep=41,html,data/raw/downloads/21_Phy_Soc_Podcast_Episode_-_Prof._Kate_Sang.html,data/processed/text/21_Phy_Soc_Podcast_Episode_-_Prof._Kate_Sang.txt,OK,1736,
22,LGBT+ Toolkit,Royal Society of Chemistry,Included,Toolkit,Webpage,https://www.rsc.org/policy-evidence-campaigns/inclusion-diversity/resources/lgbt-toolkit/,https://www.rsc.org/policy-evidence-campaigns/inclusion-diversity/resources/lgbt-toolkit/,https://www.rsc.org/policy-and-campaigning/science-culture/resources-and-toolkits/lgbt-toolkit,html,data/raw/downloads/22_LGBT_Toolkit.html,data/processed/text/22_LGBT_Toolkit.txt,OK,3108,
23,Exploring The Workplace For LGBT+ Physical Scientists,"Institute of Physics, Royal Astronomical Society and the Royal Society of Chemistry",Included,Webpage,Webpage,https://www.rsc.org/policy-evidence-campaigns/inclusion-diversity/surveys-reports-campaigns/lgbt-report/,https://www.rsc.org/policy-evidence-campaigns/inclusion-diversity/surveys-reports-campaigns/lgbt-report/,https://www.rsc.org/policy-and-campaigning/science-culture/the-workplace-for-lgbt-physical-scientists,html,data/raw/downloads/23_Exploring_The_Workplace_For_LGBT_Physical_Scientists.html,data/processed/text/23_Exploring_The_Workplace_For_LGBT_Physical_Scientists.txt,OK,2626,
24,Considering International Mobility For LGBT+ Scientists,Royal Society of Chemistry,Included,Report,Document,https://www.rsc.org/globalassets/22-new-perspectives/talent/inclusion-and-diversity/resources/lgbt-toolkit/considering-lgbt-international-mobility.pdf,https://www.rsc.org/globalassets/22-new-perspectives/talent/inclusion-and-diversity/resources/lgbt-toolkit/considering-lgbt-international-mobility.pdf,https://www.rsc.org/policy-and-campaigning/science-culture/resources-and-toolkits/lgbt-toolkit,html,data/raw/downloads/24_Considering_International_Mobility_For_LGBT_Scientists.html,data/processed/text/24_Considering_International_Mobility_For_LGBT_Scientists.txt,OK,3108,
25,An Employer's Guide to ADHD In the Workplace,Scottish ADHD Coalition,Included,PDF,Document,https://www.scottishadhdcoalition.org/wp-content/uploads/2018/03/Employers-guide-to-ADHD-SAC-2018.pdf,https://www.scottishadhdcoalition.org/wp-content/uploads/2018/03/Employers-guide-to-ADHD-SAC-2018.pdf,https://www.scottishadhdcoalition.org/wp-content/uploads/2018/03/Employers-guide-to-ADHD-SAC-2018.pdf,pdf,data/raw/downloads/25_An_Employers_Guide_to_ADHD_In_the_Workplace.pdf,data/processed/text/25_An_Employers_Guide_to_ADHD_In_the_Workplace.txt,OK,12890,
27,Comprehensive Guidance on Modifying Existing Lab Spaces to Enable Equal Access to Disabled Students,STEMenabled,Included,Webpage,Webpage,https://robertaerichardson.wixsite.com/stemenabled,https://robertaerichardson.wixsite.com/stemenabled,https://robertaerichardson.wixsite.com/stemenabled,html,data/raw/downloads/27_Comprehensive_Guidance_on_Modifying_Existing_Lab_Spaces_to_Enable_Equal_Access_to_Disabled_Students.html,data/processed/text/27_Comprehensive_Guidance_on_Modifying_Existing_Lab_Spaces_to_Enable_Equal_Access_to_Disabled_Students.txt,OK_BUT_SHORT,335,Extracted text length=335 (<800)
29,"Who You Should Hire, Fire & Promote",Stephen Frost,Included,Video,Video,https://www.youtube.com/watch?app=desktop&v=cAs49Cl4kJ8,https://www.youtube.com/watch?app=desktop&v=cAs49Cl4kJ8,,media,data/raw/downloads/29_Who_You_Should_Hire_Fire__Promote.url.txt,,SKIPPED_MEDIA,0,Strict media-only URL (skipped at ingestion)
32,Using Pronouns in The Workplace,The Law Society,Included,Webpage,Webpage,https://www.lawsociety.org.uk/topics/hr-and-people-management/using-pronouns-in-the-workplace,https://www.lawsociety.org.uk/topics/hr-and-people-management/using-pronouns-in-the-workplace,,,,,FAILED,0,403 Client Error: Forbidden for url: https://www.lawsociety.org.uk/topics/hr-and-people-management/using-pronouns-in-the-workplace
33,Accessibility Posters,UK Home Office,Included,Poster,Dataset,https://github.com/UKHomeOffice/posters/blob/master/accessibility/dos-donts/posters_en-UK/accessibility-posters-set.pdf,https://github.com/UKHomeOffice/posters/blob/master/accessibility/dos-donts/posters_en-UK/accessibility-posters-set.pdf,https://github.com/UKHomeOffice/posters/blob/master/accessibility/dos-donts/posters_en-UK/accessibility-posters-set.pdf,html,data/raw/downloads/33_Accessibility_Posters.html,data/processed/text/33_Accessibility_Posters.txt,TOO_SHORT,124,Extracted text length=124 (<200)
35,UKRI Good Practice Principles in Recruitment and Training at A Doctoral Level,UKRI,Included,PDF,Document,https://www.ukri.org/publications/ukri-good-practice-principles-in-recruitment-and-training-at-a-doctoral-level/,https://www.ukri.org/publications/ukri-good-practice-principles-in-recruitment-and-training-at-a-doctoral-level/,https://www.ukri.org/publications/ukri-good-practice-principles-in-recruitment-and-training-at-a-doctoral-level/,html,data/raw/downloads/35_UKRI_Good_Practice_Principles_in_Recruitment_and_Training_at_A_Doctoral_Level.html,data/processed/text/35_UKRI_Good_Practice_Principles_in_Recruitment_and_Training_at_A_Doctoral_Level.txt,OK,1920,
36,"Equality, Diversity and Inclusion Champions",University of York,Included,Webpage,Webpage,https://www.york.ac.uk/about/departments/support-and-admin/edo/champions/,https://www.york.ac.uk/about/departments/support-and-admin/edo/champions/,https://www.york.ac.uk/about/departments/support-and-admin/edo/champions/,html,data/raw/downloads/36_Equality_Diversity_and_Inclusion_Champions.html,data/processed/text/36_Equality_Diversity_and_Inclusion_Champions.txt,OK_BUT_SHORT,390,Extracted text length=390 (<800)
38,Making Meetings and Events Accessible,University of Manchester,Included,PDF,Document,https://documents.manchester.ac.uk/display.aspx?DocID=11993,https://documents.manchester.ac.uk/display.aspx?DocID=11993,https://documents.manchester.ac.uk/display.aspx?DocID=11993,pdf,data/raw/downloads/38_Making_Meetings_and_Events_Accessible.pdf,data/processed/text/38_Making_Meetings_and_Events_Accessible.txt,OK,15561,
39,Towards Diverse Workforces: Transforming The Language of Exclusion and Bias in Recruitment,University of Nottingham,Included,Report,Document,https://www.stemm-change.co.uk/wp-content/uploads/2021/06/Transforming-the-Language-of-Exclusion-and-Bias-in-Recruitment-June-2021x.pdf,https://www.stemm-change.co.uk/wp-content/uploads/2021/06/Transforming-the-Language-of-Exclusion-and-Bias-in-Recruitment-June-2021x.pdf,https://www.stemm-change.co.uk/wp-content/uploads/2021/06/Transforming-the-Language-of-Exclusion-and-Bias-in-Recruitment-June-2021x.pdf,pdf,data/raw/downloads/39_Towards_Diverse_Workforces_Transforming_The_Language_of_Exclusion_and_Bias_in_Recruitment.pdf,data/processed/text/39_Towards_Diverse_Workforces_Transforming_The_Language_of_Exclusion_and_Bias_in_Recruitment.txt,OK,52344,
40,Best Practice Guide: Developing Inclusive Conferences,"Alice Chautard, and Dr Claire Hann",Included,PDF,Document,https://reachwater.org.uk/wp-content/uploads/2019/05/2019_05_22_Inclusive-Conference-Guide.pdf,https://reachwater.org.uk/wp-content/uploads/2019/05/2019_05_22_Inclusive-Conference-Guide.pdf,https://reachwater.org.uk/wp-content/uploads/2019/05/2019_05_22_Inclusive-Conference-Guide.pdf,pdf,data/raw/downloads/40_Best_Practice_Guide_Developing_Inclusive_Conferences.pdf,data/processed/text/40_Best_Practice_Guide_Developing_Inclusive_Conferences.txt,OK,51281,
41,HR EDI Online Inclusive Recruitment Guide,University of St Andrews,Included,Webpage,Webpage,https://www.st-andrews.ac.uk/hr/edi/inclusiverec/,https://www.st-andrews.ac.uk/hr/edi/inclusiverec/,https://login.st-andrews.ac.uk/idp/profile/SAML2/Redirect/SSO?execution=e1s1,html,data/raw/downloads/41_HR_EDI_Online_Inclusive_Recruitment_Guide.html,data/processed/text/41_HR_EDI_Online_Inclusive_Recruitment_Guide.txt,OK_BUT_SHORT,257,Extracted text length=257 (<800)
42,"Equality, Diversity and Inclusion Champions",University of Sussex,Included,Webpage,Webpage,https://www.sussex.ac.uk/equalities/networks/equalitydiversityandinclusionchampions,https://www.sussex.ac.uk/equalities/networks/equalitydiversityandinclusionchampions,https://www.sussex.ac.uk/equalities/networks/equalitydiversityandinclusionchampions,html,data/raw/downloads/42_Equality_Diversity_and_Inclusion_Champions.html,data/processed/text/42_Equality_Diversity_and_Inclusion_Champions.txt,OK,1633,
44,100 Black Women Professors Now Impact Report,"Diksha Sanyal, Temitayo Lawal, Cianne Jones, AdËle MacKinlay, Professor Lisa-Dionne Morris",Included,Report,Document,https://s3.amazonaws.com/kajabi-storefronts-production/file-uploads/sites/45828/downloads/a604721-38ee-61e6-072f-4a0cefa64c6_100BWPN_Impact_Report_2024.pdf,https://s3.amazonaws.com/kajabi-storefronts-production/file-uploads/sites/45828/downloads/a604721-38ee-61e6-072f-4a0cefa64c6_100BWPN_Impact_Report_2024.pdf,https://s3.amazonaws.com/kajabi-storefronts-production/file-uploads/sites/45828/downloads/a604721-38ee-61e6-072f-4a0cefa64c6_100BWPN_Impact_Report_2024.pdf,pdf,data/raw/downloads/44_100_Black_Women_Professors_Now_Impact_Report.pdf,data/processed/text/44_100_Black_Women_Professors_Now_Impact_Report.txt,OK,70557,
46,SCUPLT For Accessibility,†Helen Wilson,Included,Webpage,Webpage,https://www.worcestershire.gov.uk/sites/default/files/2024-12/FINAL%20sculpt%20infographic%20UpdatedV2.1%20%281%29.pdf,https://www.worcestershire.gov.uk/sites/default/files/2024-12/FINAL%20sculpt%20infographic%20UpdatedV2.1%20%281%29.pdf,https://www.worcestershire.gov.uk/sites/default/files/2024-12/FINAL%20sculpt%20infographic%20UpdatedV2.1%20%281%29.pdf,pdf,data/raw/downloads/46_SCUPLT_For_Accessibility.pdf,data/processed/text/46_SCUPLT_For_Accessibility.txt,OK_BUT_SHORT,654,Extracted text length=654 (<800)
47,National Association of Disabled Staff Networks,National Association of Disabled Staff Networks,Included,Webpage,Webpage,https://www.nadsn-uk.org/,https://www.nadsn-uk.org/,,,,,FAILED,0,406 Client Error: Not Acceptable for url: https://www.nadsn-uk.org/
48,Association For Black and Ethnic Minority Engineers,Association for Black and Ethnic Minority Engineers,Included,Webpage,Webpage,https://www.afbe.org.uk/,https://www.afbe.org.uk/,https://afbe.org.uk/,html,data/raw/downloads/48_Association_For_Black_and_Ethnic_Minority_Engineers.html,data/processed/text/48_Association_For_Black_and_Ethnic_Minority_Engineers.txt,OK,1803,
52,Tech Talent Charter Toolkit,Tech Talent Charter,Included,Toolkit,Webpage,https://www.techtalentcharter.co.uk/,https://www.techtalentcharter.co.uk/,https://www.techtalentcharter.co.uk/,html,data/raw/downloads/52_Tech_Talent_Charter_Toolkit.html,data/processed/text/52_Tech_Talent_Charter_Toolkit.txt,OK,3270,
53,Neuro-Inclusive Meetings and Events Toolkit,EPSRC,Included,Toolkit,Document,https://leeds365.sharepoint.com/:p:/r/sites/TEAM-EPSRCEDIHubPlus/Shared%20Documents/Workstream%202%20-%20Resource%20Centre/Supporting%20Material/EPSRC-Neuro-Inclusion-Meetings-and-Events-Toolkit%20-%20Copy.pptx?d=wb9680e47395240628139d66721f2e57b&csf=1&web=1&e=p5e7cB,https://leeds365.sharepoint.com/%3Ap%3A/r/sites/TEAM-EPSRCEDIHubPlus/Shared%20Documents/Workstream%202%20-%20Resource%20Centre/Supporting%20Material/EPSRC-Neuro-Inclusion-Meetings-and-Events-Toolkit%20-%20Copy.pptx?d=wb9680e47395240628139d66721f2e57b&csf=1&web=1&e=p5e7cB,https://login.microsoftonline.com:443/bdeaeda8-c81d-45ce-863e-5232a535b7cb/oauth2/authorize?client_id=00000003-0000-0ff1-ce00-000000000000&response_mode=form_post&response_type=code%20id_token&resource=00000003-0000-0ff1-ce00-000000000000&scope=openid&nonce=43BDC9BB303C2A13A2138BF8BD9AACFAB9F7A45465774590-490CBFFF0B167D13E7E30820CFF214F254B70D57567138118DDFF1CEC1EDC9D1&redirect_uri=https%3A%2F%2Fleeds365.sharepoint.com%2F_forms%2Fdefault.aspx&state=OD0w&claims=%7B%22id_token%22%3A%7B%22xms_cc%22%3A%7B%22values%22%3A%5B%22CP1%22%5D%7D%7D%7D&wsucxt=1&cobrandid=11bd8083-87e0-41b5-bb78-0bc43c8a8e8a&client-request-id=fd6bf3a1-305e-f000-5bcb-ff02d45a865d,html,data/raw/downloads/53_Neuro-Inclusive_Meetings_and_Events_Toolkit.html,data/processed/text/53_Neuro-Inclusive_Meetings_and_Events_Toolkit.txt,OK,12854,
54,"Equality, Diversity and Inclusion Strategies in STEM - Briefing","All-Party Parliamentary Group on Diversity and Inclusion in Science, Technology, Engineering, and
Mathematics",Included,Report,Document,https://www.britishscienceassociation.org/Handlers/Download.ashx?IDMF=b0479031-7e8b-4a0e-b3c6-80b7c383a183,https://www.britishscienceassociation.org/Handlers/Download.ashx?IDMF=b0479031-7e8b-4a0e-b3c6-80b7c383a183,https://www.britishscienceassociation.org/Handlers/Download.ashx?IDMF=b0479031-7e8b-4a0e-b3c6-80b7c383a183,pdf,data/raw/downloads/54_Equality_Diversity_and_Inclusion_Strategies_in_STEM_-_Briefing.pdf,data/processed/text/54_Equality_Diversity_and_Inclusion_Strategies_in_STEM_-_Briefing.txt,OK,32561,
55,"Mission Critical Toolkit: Improving National Security Culture, Diversity & Inclusion",HM Government,Included,Toolkit,Document,01122021_Mission Critical Toolkit_DIGITAL.pdf,01122021_Mission%20Critical%20Toolkit_DIGITAL.pdf,,,,,FAILED,0,Invalid URL
56,Advanced Strategic Platform for Inclusive Research Environments (ASPIRE),University of Lincoln,Included,Webpage,Webpage,https://eleanorglanvilleinstitute.lincoln.ac.uk/research/inclusive-environments/aspire/,https://eleanorglanvilleinstitute.lincoln.ac.uk/research/inclusive-environments/aspire/,https://eleanorglanvilleinstitute.lincoln.ac.uk/research/inclusive-environments/aspire/,html,data/raw/downloads/56_Advanced_Strategic_Platform_for_Inclusive_Research_Environments_(ASPIRE).html,data/processed/text/56_Advanced_Strategic_Platform_for_Inclusive_Research_Environments_(ASPIRE).txt,OK,6874,
57,Evidence-Base; Growing the Big Grant Club (EBASE),University of Edinburgh,Included,Webpage,Webpage,https://ebaseevidencebase.wordpress.com/,https://ebaseevidencebase.wordpress.com/,https://ebaseevidencebase.wordpress.com/,html,data/raw/downloads/57_Evidence-Base_Growing_the_Big_Grant_Club_(EBASE).html,data/processed/text/57_Evidence-Base_Growing_the_Big_Grant_Club_(EBASE).txt,OK_BUT_SHORT,531,Extracted text length=531 (<800)
58,Inclusion Really Does Matter,Queens University Belfast,Included,Webpage,Webpage,https://www.qub.ac.uk/sites/InclusionReallyDoesMatter/,https://www.qub.ac.uk/sites/InclusionReallyDoesMatter/,https://www.qub.ac.uk/sites/InclusionReallyDoesMatter/,html,data/raw/downloads/58_Inclusion_Really_Does_Matter.html,data/processed/text/58_Inclusion_Really_Does_Matter.txt,OK,1123,
59,Creating An Inclusive Environment,AdvanceHE,Included,Webpage,Webpage,https://www.advance-he.ac.uk/guidance/equality-diversity-and-inclusion/creating-inclusive-environment,https://www.advance-he.ac.uk/guidance/equality-diversity-and-inclusion/creating-inclusive-environment,https://www.advance-he.ac.uk/guidance/equality-diversity-and-inclusion/creating-inclusive-environment,html,data/raw/downloads/59_Creating_An_Inclusive_Environment.html,data/processed/text/59_Creating_An_Inclusive_Environment.txt,OK,1527,
62,STEM Equals,University of Strathclyde,Included,Webpage,Webpage,https://www.stemequals.ac.uk/,https://www.stemequals.ac.uk/,https://www.stemequals.ac.uk/,html,data/raw/downloads/62_STEM_Equals.html,data/processed/text/62_STEM_Equals.txt,OK_BUT_SHORT,612,Extracted text length=612 (<800)
63,STEMM-Change,University of Nottingham,Included,Webpage,Webpage,https://www.stemm-change.co.uk/project-overview/,https://www.stemm-change.co.uk/project-overview/,https://www.stemm-change.co.uk/project-overview/,html,data/raw/downloads/63_STEMM-Change.html,data/processed/text/63_STEMM-Change.txt,OK,1588,
64,Letís Be Clear About EDI: Conversation Guides/Aids from University of Nottingham,University of Nottingham,Included,Webpage,Webpage,https://www.nottingham.ac.uk/edi/edi-conversation-guides.aspx,https://www.nottingham.ac.uk/edi/edi-conversation-guides.aspx,https://www.nottingham.ac.uk/edi/edi-conversation-guides.aspx,html,data/raw/downloads/64_Letís_Be_Clear_About_EDI_Conversation_GuidesAids_from_University_of_Nottingham.html,data/processed/text/64_Letís_Be_Clear_About_EDI_Conversation_GuidesAids_from_University_of_Nottingham.txt,OK,1400,
65,Social Inclusion Projects,Social Inlcusion Group,Included,Webpage,Webpage,https://warwick.ac.uk/services/socialinclusion/projects/,https://warwick.ac.uk/services/socialinclusion/projects/,https://warwick.ac.uk/services/socialinclusion/projects/,html,data/raw/downloads/65_Social_Inclusion_Projects.html,data/processed/text/65_Social_Inclusion_Projects.txt,OK,2421,
67,Code Of Conduct,Kings College London,Included,Webpage,Webpage,https://www.kcl.ac.uk/policyhub,https://www.kcl.ac.uk/policyhub,https://www.kcl.ac.uk/policyhub,html,data/raw/downloads/67_Code_Of_Conduct.html,data/processed/text/67_Code_Of_Conduct.txt,OK,2512,
70,Report And support,The University of Manchester,Included,Webpage,Webpage,https://www.reportandsupport.manchester.ac.uk/,https://www.reportandsupport.manchester.ac.uk/,https://www.reportandsupport.manchester.ac.uk/,html,data/raw/downloads/70_Report_And_support.html,data/processed/text/70_Report_And_support.txt,OK,928,
71,Report + Support,University of Nottingham,Included,Webpage,Webpage,https://reportandsupport.nottingham.ac.uk/,https://reportandsupport.nottingham.ac.uk/,https://reportandsupport.nottingham.ac.uk/,html,data/raw/downloads/71_Report__Support.html,data/processed/text/71_Report__Support.txt,OK,1555,
72,Tackling Racism and Racial Harassment: Directory of Initiatives at UK Universities,Universities UK,Included,Report,Document,https://www.universitiesuk.ac.uk/what-we-do/policy-and-research/publications/tackling-racism-and-racial-harassment,https://www.universitiesuk.ac.uk/what-we-do/policy-and-research/publications/tackling-racism-and-racial-harassment,,,,,FAILED,0,403 Client Error: Forbidden for url: https://www.universitiesuk.ac.uk/what-we-do/policy-and-research/publications/tackling-racism-and-racial-harassment
73,Majority Allies,Royal Academy of Engineering,Included,Toolkit,Webpage,https://raeng.org.uk/policy-and-resources/diversity-and-inclusion-research-and-resources/inclusive-cultures/majority-allies,https://raeng.org.uk/policy-and-resources/diversity-and-inclusion-research-and-resources/inclusive-cultures/majority-allies,https://raeng.org.uk/policy-and-resources/equity-diversity-and-inclusion-research-and-resources/inclusive-cultures/majority-allies/,html,data/raw/downloads/73_Majority_Allies.html,data/processed/text/73_Majority_Allies.txt,OK,3547,
76,Promoting EDI In University Spinout Companies,Oxford Brookes University,Included,Webpage,Webpage,https://www.brookes.ac.uk/Research/Units/OBBS/Projects/Women-and-Spinouts/,https://www.brookes.ac.uk/Research/Units/OBBS/Projects/Women-and-Spinouts/,https://www.brookes.ac.uk/research/units/obbs/projects/women-and-spinouts,html,data/raw/downloads/76_Promoting_EDI_In_University_Spinout_Companies.html,data/processed/text/76_Promoting_EDI_In_University_Spinout_Companies.txt,OK_BUT_SHORT,612,Extracted text length=612 (<800)
79,Inclusive Cultures Toolkit,Royal Academy of Engineering,Included,Toolkit,Webpage,https://raeng.org.uk/policy-and-resources/diversity-and-inclusion-research-and-resources/inclusive-cultures/inclusive-cultures-toolkit,https://raeng.org.uk/policy-and-resources/diversity-and-inclusion-research-and-resources/inclusive-cultures/inclusive-cultures-toolkit,https://raeng.org.uk/policy-and-resources/equity-diversity-and-inclusion-research-and-resources/inclusive-cultures/inclusive-cultures-toolkit/,html,data/raw/downloads/79_Inclusive_Cultures_Toolkit.html,data/processed/text/79_Inclusive_Cultures_Toolkit.txt,OK,25230,
80,Research Fellowships,Royal Academy of Engineering,Included,Webpage,Webpage,"https://www.raeng.org.uk/grants-prizes/grants/support-for-research/raeng-research-fellowship?dm_i=4S2P,JECP,24GQFK,2B8EM,1",https://www.raeng.org.uk/grants-prizes/grants/support-for-research/raeng-research-fellowship?dm_i=4S2P%2CJECP%2C24GQFK%2C2B8EM%2C1,https://www.raeng.org.uk/programmes-and-prizes/programmes/uk-grants-and-prizes/support-for-research/research-fellowships,html,data/raw/downloads/80_Research_Fellowships.html,data/processed/text/80_Research_Fellowships.txt,OK,3463,
81,Research Chairs and Senior Research Fellowship,Royal Academy of Engineering,Included,Webpage,Webpage,https://www.raeng.org.uk/grants-prizes/grants/support-for-research/research-chairs?dm_i,https://www.raeng.org.uk/grants-prizes/grants/support-for-research/research-chairs?dm_i,https://www.raeng.org.uk/programmes-and-prizes/programmes/uk-grants-and-prizes/support-for-research/research-chairs-and-senior-research-fellowships,html,data/raw/downloads/81_Research_Chairs_and_Senior_Research_Fellowship.html,data/processed/text/81_Research_Chairs_and_Senior_Research_Fellowship.txt,OK,5145,
82,Mentoring And Political Education Programme,Fabian Womenís Network,Included,Webpage,Webpage,https://www.fabianwomen.org.uk/mentoring,https://www.fabianwomen.org.uk/mentoring,https://www.fabianwomen.org.uk/mentoring,html,data/raw/downloads/82_Mentoring_And_Political_Education_Programme.html,data/processed/text/82_Mentoring_And_Political_Education_Programme.txt,OK,9062,
83,Future Leaders Fellows Development Network - Mentorship Programme,UKRI,Included,Webpage,Webpage,https://www.flfdevnet.com/mentoring/,https://www.flfdevnet.com/mentoring/,https://www.flfdevnet.com/mentoring/,html,data/raw/downloads/83_Future_Leaders_Fellows_Development_Network_-_Mentorship_Programme.html,data/processed/text/83_Future_Leaders_Fellows_Development_Network_-_Mentorship_Programme.txt,OK,3571,
84,Early Career Mentoring Programme,Connected Everything Network,Included,Webpage,Webpage,https://connectedeverything.ac.uk/early-career-mentoring-programme/,https://connectedeverything.ac.uk/early-career-mentoring-programme/,https://connectedeverything.ac.uk/early-career-mentoring-programme/,html,data/raw/downloads/84_Early_Career_Mentoring_Programme.html,data/processed/text/84_Early_Career_Mentoring_Programme.txt,OK,2918,
85,Reverse Mentoring,University of Nottingham,Included,Webpage,Webpage,https://www.stemm-change.co.uk/home/reverse-mentoring/,https://www.stemm-change.co.uk/home/reverse-mentoring/,https://www.stemm-change.co.uk/home/reverse-mentoring/,html,data/raw/downloads/85_Reverse_Mentoring.html,data/processed/text/85_Reverse_Mentoring.txt,TOO_SHORT,171,Extracted text length=171 (<200)
86,The VisNet Project,"Caroline Gaucotte-Lindsay, Helen Mulvana",Included,Webpage,Webpage,https://www.gla.ac.uk/colleges/scienceengineering/research/visnet/,https://www.gla.ac.uk/colleges/scienceengineering/research/visnet/,https://www.gla.ac.uk/colleges/scienceengineering/edi/visnet/,html,data/raw/downloads/86_The_VisNet_Project.html,data/processed/text/86_The_VisNet_Project.txt,OK,3363,
87,Toolkit For Integrating Gender-Sensitive Approach into Research and Teaching,Garcia,Included,Toolkit,Document,https://eige.europa.eu/sites/default/files/garcia_toolkit_gender_research_teaching.pdf,https://eige.europa.eu/sites/default/files/garcia_toolkit_gender_research_teaching.pdf,https://eige.europa.eu/sites/default/files/garcia_toolkit_gender_research_teaching.pdf,pdf,data/raw/downloads/87_Toolkit_For_Integrating_Gender-Sensitive_Approach_into_Research_and_Teaching.pdf,data/processed/text/87_Toolkit_For_Integrating_Gender-Sensitive_Approach_into_Research_and_Teaching.txt,OK,58264,
89,Inclusive Design Toolkit,University of Cambridge,Included,Toolkit,Webpage,http://www.inclusivedesigntoolkit.com/,http://www.inclusivedesigntoolkit.com/,http://www.inclusivedesigntoolkit.com/,html,data/raw/downloads/89_Inclusive_Design_Toolkit.html,data/processed/text/89_Inclusive_Design_Toolkit.txt,OK,1680,
91,6 Principles for Inclusive Design,Lillian Xiao,Included,Blog,Webpage,https://uxplanet.org/6-principles-for-inclusive-design-3e9867f7f63e,https://uxplanet.org/6-principles-for-inclusive-design-3e9867f7f63e,,,,,FAILED,0,403 Client Error: Forbidden for url: https://uxplanet.org/6-principles-for-inclusive-design-3e9867f7f63e
92,"Best Practices in Equity, Diversity and Inclusion in Research",Government of Canada,Included,Report,Document,https://www.sshrc-crsh.gc.ca/funding-financement/nfrf-fnfr/edi-eng.aspx#5,https://www.sshrc-crsh.gc.ca/funding-financement/nfrf-fnfr/edi-eng.aspx#5,https://sshrc-crsh.canada.ca/funding-financement/nfrf-fnfr/edi-eng.aspx#5,html,data/raw/downloads/92_Best_Practices_in_Equity_Diversity_and_Inclusion_in_Research.html,data/processed/text/92_Best_Practices_in_Equity_Diversity_and_Inclusion_in_Research.txt,OK,40152,
94,Gendered Innovations,Gendered Innovation,Included,Toolkit,Webpage,http://genderedinnovations.stanford.edu/what-is-gendered-innovations.html,http://genderedinnovations.stanford.edu/what-is-gendered-innovations.html,http://genderedinnovations.stanford.edu/what-is-gendered-innovations.html,html,data/raw/downloads/94_Gendered_Innovations.html,data/processed/text/94_Gendered_Innovations.txt,OK,13244,
95,Top Tips on Inclusive Teaching,Institute of Physics,Included,Poster,Document,https://www.iop.org/sites/default/files/2019-07/IGB-10-tips-whole-school-poster.pdf,https://www.iop.org/sites/default/files/2019-07/IGB-10-tips-whole-school-poster.pdf,https://www.iop.org/sites/default/files/2019-07/IGB-10-tips-whole-school-poster.pdf,pdf,data/raw/downloads/95_Top_Tips_on_Inclusive_Teaching.pdf,data/processed/text/95_Top_Tips_on_Inclusive_Teaching.txt,OK,2534,
96,Introduction To Web Accessibility,Web Accessibility Initiative,Included,Webpage,Webpage,https://www.w3.org/WAI/fundamentals/accessibility-intro/#what,https://www.w3.org/WAI/fundamentals/accessibility-intro/#what,https://www.w3.org/WAI/fundamentals/accessibility-intro/#what,html,data/raw/downloads/96_Introduction_To_Web_Accessibility.html,data/processed/text/96_Introduction_To_Web_Accessibility.txt,OK,6718,
97,Recognising Authors (CRediT),University of Glasgow,Included,PDF,Document,http://eprints.gla.ac.uk/201273/1/201273.pdf,http://eprints.gla.ac.uk/201273/1/201273.pdf,http://eprints.gla.ac.uk/201273/1/201273.pdf,pdf,data/raw/downloads/97_Recognising_Authors_(CRediT).pdf,data/processed/text/97_Recognising_Authors_(CRediT).txt,OK,6840,
98,RAI EDI Toolkit,Responsible AI UK,Included,Toolkit,Webpage,https://rai.ac.uk/toolkits/edi-toolkit/,https://rai.ac.uk/toolkits/edi-toolkit/,https://rai.ac.uk/toolkits/edi-toolkit/,html,data/raw/downloads/98_RAI_EDI_Toolkit.html,data/processed/text/98_RAI_EDI_Toolkit.txt,OK,1178,
99,Tackling Racial Harassment in Higher Education,Universities UK,Included,Report,Document,https://www.universitiesuk.ac.uk/what-we-do/policy-and-research/publications/tackling-racial-harassment-higher,https://www.universitiesuk.ac.uk/what-we-do/policy-and-research/publications/tackling-racial-harassment-higher,,,,,FAILED,0,403 Client Error: Forbidden for url: https://www.universitiesuk.ac.uk/what-we-do/policy-and-research/publications/tackling-racial-harassment-higher
100,"Promoting Equality, Diversity and Inclusion in Research and Funding: Reflections from A Digital Manufacturing Research Network","Oliver J. Fisher, Debra Fearnshaw, Nicholas J. Watson, Peter Green, Fiona Charnley, Duncan McFarlane & Sarah Sharples",Included,Report,Document,https://link.springer.com/article/10.1186/s41073-024-00144-w,https://link.springer.com/article/10.1186/s41073-024-00144-w,https://link.springer.com/article/10.1186/s41073-024-00144-w,html,data/raw/downloads/100_Promoting_Equality_Diversity_and_Inclusion_in_Research_and_Funding_Reflections_from_A_Digital_Manufacturing_Research_Network.html,data/processed/text/100_Promoting_Equality_Diversity_and_Inclusion_in_Research_and_Funding_Reflections_from_A_Digital_Manufacturing_Research_Network.txt,OK,57403,
101,Gathering Good Practices For Inclusive University Selection Processes,EPSRC,Included,,Document,https://www.ukri.org/wp-content/uploads/2025/06/EPSRC-200625-GatheringGoodPracticesInclusiveUniversitySelectionProcesses.pdf,https://www.ukri.org/wp-content/uploads/2025/06/EPSRC-200625-GatheringGoodPracticesInclusiveUniversitySelectionProcesses.pdf,https://www.ukri.org/wp-content/uploads/2025/06/EPSRC-200625-GatheringGoodPracticesInclusiveUniversitySelectionProcesses.pdf,pdf,data/raw/downloads/101_Gathering_Good_Practices_For_Inclusive_University_Selection_Processes.pdf,data/processed/text/101_Gathering_Good_Practices_For_Inclusive_University_Selection_Processes.txt,OK,63488,
102,EDICA - Evidence Review: Peer Review Bias in The Funding Process: Main Themes and Interventions,"Stefanie Schneider, Cat Morgan, Clayton Magill, Marion Hersh, Katherine Sang, Robert MacIntosh",Included,,Document,https://researchportal.hw.ac.uk/en/publications/evidence-review-peer-review-bias-in-the-funding-process-main-them,https://researchportal.hw.ac.uk/en/publications/evidence-review-peer-review-bias-in-the-funding-process-main-them,https://researchportal.hw.ac.uk/en/publications/evidence-review-peer-review-bias-in-the-funding-process-main-them/,html,data/raw/downloads/102_EDICA_-_Evidence_Review_Peer_Review_Bias_in_The_Funding_Process_Main_Themes_and_Interventions.html,data/processed/text/102_EDICA_-_Evidence_Review_Peer_Review_Bias_in_The_Funding_Process_Main_Themes_and_Interventions.txt,OK_BUT_SHORT,487,Extracted text length=487 (<800)
103,Lab Access Guidelines,Access All Areas in Labs team,Included,,Webpage,https://www.uea.ac.uk/groups-and-centres/projects/access-all-areas-in-labs/access-guidelines,https://www.uea.ac.uk/groups-and-centres/projects/access-all-areas-in-labs/access-guidelines,https://www.uea.ac.uk/groups-and-centres/projects/access-all-areas-in-labs/access-guidelines,html,data/raw/downloads/103_Lab_Access_Guidelines.html,data/processed/text/103_Lab_Access_Guidelines.txt,OK,1158,
104,Northern Power Inclusion Matters Toolkit,"Caroline Ackroyd, Robert Adams, Rachel Archbold, Colin Bain, David Broad, Helen Cramman, Vania Dimitrova, Simon Gardiner, Helene Gray, Jill Green, John Holmes, Louise Jones, Sharron Kuznesof, Sabiha Patel, Roger Penlington, Judith Rankin, Steve Sctott, Nadia Siddiqui, Sharon Stewart, Jenna Tudor, Julie Wilson",Included,,Document,https://collections.durham.ac.uk/files/r1gf06g267h,https://collections.durham.ac.uk/files/r1gf06g267h,https://collections.durham.ac.uk/files/r1gf06g267h,html,data/raw/downloads/104_Northern_Power_Inclusion_Matters_Toolkit.html,data/processed/text/104_Northern_Power_Inclusion_Matters_Toolkit.txt,OK,1732,
105,Towards A Fully Inclusive Environment for Disabled People In STEMM: A NADSN White Paper,"Gayle Brewer, Yota Dimitriadi, Francesca Doddato, Hamied A. Haroon, Jasleen K. Jolly, Jennifer S. Leigh, Martyn Mahaut-Smith, Jennifer Remnant, Julia P. Sarju",Included,,Document,https://www.nadsn-uk.org/wp-content/uploads/2025/04/NADSN_STEMM_White_Paper_090425-v0.3.pdf,https://www.nadsn-uk.org/wp-content/uploads/2025/04/NADSN_STEMM_White_Paper_090425-v0.3.pdf,https://www.nadsn-uk.org/wp-content/uploads/2025/04/NADSN_STEMM_White_Paper_090425-v0.3.pdf,pdf,data/raw/downloads/105_Towards_A_Fully_Inclusive_Environment_for_Disabled_People_In_STEMM_A_NADSN_White_Paper.pdf,data/processed/text/105_Towards_A_Fully_Inclusive_Environment_for_Disabled_People_In_STEMM_A_NADSN_White_Paper.txt,OK,142577,
